Welcome	UH
,	,
Ion	NN
.	.

Are	VBP
you	PRP
from	IN
your	PRP$
native	JJ
city	NN
of	IN
Ephesus	NNP
?	.

And	CC
do	VBP
the	DT
Epidaurians	NNPS
have	VBP
contests	NNS
of	IN
rhapsodes	NNS
at	IN
the	DT
festival	NN
?	.

And	CC
were	VBD
you	PRP
one	CD
of	IN
the	DT
competitors	NNS
--	:
and	CC
did	VBD
you	PRP
succeed	VB
?	.

Well	RB
done	VBN
;	:
and	CC
I	PRP
hope	VBP
that	IN
you	PRP
will	MD
do	VB
the	DT
same	JJ
for	IN
us	PRP
at	IN
the	DT
Panathenaea	NNP
.	.

I	PRP
often	RB
envy	VBP
the	DT
profession	NN
of	IN
a	DT
rhapsode	NN
,	,
Ion	NN
;	:
for	IN
you	PRP
have	VBP
always	RB
to	TO
wear	VB
fine	JJ
clothes	NNS
,	,
and	CC
to	TO
look	VB
as	RB
beautiful	JJ
as	IN
you	PRP
can	MD
is	VBZ
a	DT
part	NN
of	IN
your	PRP$
art	NN
.	.

Then	RB
,	,
again	RB
,	,
you	PRP
are	VBP
obliged	VBN
to	TO
be	VB
continually	RB
in	IN
the	DT
company	NN
of	IN
many	JJ
good	JJ
poets	NNS
;	:
and	CC
especially	RB
of	IN
Homer	NNP
,	,
who	WP
is	VBZ
the	DT
best	JJS
and	CC
most	RBS
divine	JJ
of	IN
them	PRP
;	:
and	CC
to	TO
understand	VB
him	PRP
,	,
and	CC
not	RB
merely	RB
learn	VB
his	PRP$
words	NNS
by	IN
rote	NN
,	,
is	VBZ
a	DT
thing	NN
greatly	RB
to	TO
be	VB
envied	VBN
.	.

And	CC
no	DT
man	NN
can	MD
be	VB
a	DT
rhapsode	NN
who	WP
does	VBZ
not	RB
understand	VB
the	DT
meaning	NN
of	IN
the	DT
poet	NN
.	.

For	IN
the	DT
rhapsode	NN
ought	MD
to	TO
interpret	VB
the	DT
mind	NN
of	IN
the	DT
poet	NN
to	TO
his	PRP$
hearers	NNS
,	,
but	CC
how	WRB
can	MD
he	PRP
interpret	VB
him	PRP
well	RB
unless	IN
he	PRP
knows	VBZ
what	WP
he	PRP
means	VBZ
?	.

All	PDT
this	DT
is	VBZ
greatly	RB
to	TO
be	VB
envied	VBN
.	.

I	PRP
am	VBP
glad	JJ
to	TO
hear	VB
you	PRP
say	VBP
so	RB
,	,
Ion	NN
;	:
I	PRP
see	VBP
that	IN
you	PRP
will	MD
not	RB
refuse	VB
to	TO
acquaint	VB
me	PRP
with	IN
them	PRP
.	.

I	PRP
shall	MD
take	VB
an	DT
opportunity	NN
of	IN
hearing	VBG
your	PRP$
embellishments	NNS
of	IN
him	PRP
at	IN
some	DT
other	JJ
time	NN
.	.

But	CC
just	RB
now	RB
I	PRP
should	MD
like	VB
to	TO
ask	VB
you	PRP
a	DT
question	NN
:	:
Does	VBZ
your	PRP$
art	NN
extend	VB
to	TO
Hesiod	NNP
and	CC
Archilochus	NNP
,	,
or	CC
to	TO
Homer	NNP
only	RB
?	.

Are	VBP
there	EX
any	DT
things	NNS
about	IN
which	WDT
Homer	NNP
and	CC
Hesiod	NNP
agree	VB
?	.

And	CC
can	MD
you	PRP
interpret	VB
better	RBR
what	WP
Homer	NNP
says	VBZ
,	,
or	CC
what	WP
Hesiod	NNP
says	VBZ
,	,
about	IN
these	DT
matters	NNS
in	IN
which	WDT
they	PRP
agree	VBP
?	.

But	CC
what	WP
about	IN
matters	NNS
in	IN
which	WDT
they	PRP
do	VBP
not	RB
agree	VB
?	.

--	:
for	IN
example	NN
,	,
about	IN
divination	NN
,	,
of	IN
which	WDT
both	DT
Homer	NNP
and	CC
Hesiod	NNP
have	VBP
something	NN
to	TO
say	VB
,	,
--	:
Would	MD
you	PRP
or	CC
a	DT
good	JJ
prophet	NN
be	VB
a	DT
better	JJR
interpreter	NN
of	IN
what	WP
these	DT
two	CD
poets	NNS
say	VBP
about	IN
divination	NN
,	,
not	RB
only	RB
when	WRB
they	PRP
agree	VBP
,	,
but	CC
when	WRB
they	PRP
disagree	VBP
?	.

And	CC
if	IN
you	PRP
were	VBD
a	DT
prophet	NN
,	,
would	MD
you	PRP
not	RB
be	VB
able	JJ
to	TO
interpret	VB
them	PRP
when	WRB
they	PRP
disagree	VBP
as	RB
well	RB
as	IN
when	WRB
they	PRP
agree	VBP
?	.

But	CC
how	WRB
did	VBD
you	PRP
come	VB
to	TO
have	VB
this	DT
skill	NN
about	IN
Homer	NNP
only	RB
,	,
and	CC
not	RB
about	IN
Hesiod	NNP
or	CC
the	DT
other	JJ
poets	NNS
?	.

Does	VBZ
not	RB
Homer	NNP
speak	VB
of	IN
the	DT
same	JJ
themes	NNS
which	WDT
all	DT
other	JJ
poets	NNS
handle	VB
?	.

Is	VBZ
not	RB
war	NN
his	PRP$
great	JJ
argument	NN
?	.

and	CC
does	VBZ
he	PRP
not	RB
speak	VB
of	IN
human	JJ
society	NN
and	CC
of	IN
intercourse	NN
of	IN
men	NNS
,	,
good	JJ
and	CC
bad	JJ
,	,
skilled	JJ
and	CC
unskilled	JJ
,	,
and	CC
of	IN
the	DT
gods	NNS
conversing	VBG
with	IN
one	CD
another	DT
and	CC
with	IN
mankind	NN
,	,
and	CC
about	IN
what	WP
happens	VBZ
in	IN
heaven	NN
and	CC
in	IN
the	DT
world	NN
below	IN
,	,
and	CC
the	DT
generations	NNS
of	IN
gods	NNS
and	CC
heroes	NNS
?	.

Are	VBP
not	RB
these	DT
the	DT
themes	NNS
of	IN
which	WDT
Homer	NNP
sings	VBZ
?	.

And	CC
do	VBP
not	RB
the	DT
other	JJ
poets	NNS
sing	VBP
of	IN
the	DT
same	JJ
?	.

What	WP
,	,
in	IN
a	DT
worse	JJ
way	NN
?	.

And	CC
Homer	NNP
in	IN
a	DT
better	JJR
way	NN
?	.

And	CC
yet	RB
surely	RB
,	,
my	PRP$
dear	RB
friend	NN
Ion	NN
,	,
in	IN
a	DT
discussion	NN
about	IN
arithmetic	NN
,	,
where	WRB
many	JJ
people	NNS
are	VBP
speaking	VBG
,	,
and	CC
one	CD
speaks	VBZ
better	JJR
than	IN
the	DT
rest	NN
,	,
there	EX
is	VBZ
somebody	NN
who	WP
can	MD
judge	VB
which	WDT
of	IN
them	PRP
is	VBZ
the	DT
good	JJ
speaker	NN
?	.

And	CC
he	PRP
who	WP
judges	NNS
of	IN
the	DT
good	NN
will	MD
be	VB
the	DT
same	JJ
as	IN
he	PRP
who	WP
judges	NNS
of	IN
the	DT
bad	JJ
speakers	NNS
?	.

And	CC
he	PRP
will	MD
be	VB
the	DT
arithmetician	NN
?	.

Well	RB
,	,
and	CC
in	IN
discussions	NNS
about	IN
the	DT
wholesomeness	NN
of	IN
food	NN
,	,
when	WRB
many	JJ
persons	NNS
are	VBP
speaking	VBG
,	,
and	CC
one	CD
speaks	VBZ
better	JJR
than	IN
the	DT
rest	NN
,	,
will	MD
he	PRP
who	WP
recognizes	VBZ
the	DT
better	JJR
speaker	NN
be	VB
a	DT
different	JJ
person	NN
from	IN
him	PRP
who	WP
recognizes	VBZ
the	DT
worse	JJR
,	,
or	CC
the	DT
same	JJ
?	.

And	CC
who	WP
is	VBZ
he	PRP
,	,
and	CC
what	WP
is	VBZ
his	PRP$
name	NN
?	.

And	CC
speaking	VBG
generally	RB
,	,
in	IN
all	DT
discussions	NNS
in	IN
which	WDT
the	DT
subject	NN
is	VBZ
the	DT
same	JJ
and	CC
many	JJ
men	NNS
are	VBP
speaking	VBG
,	,
will	MD
not	RB
he	PRP
who	WP
knows	VBZ
the	DT
good	JJ
know	VBP
the	DT
bad	JJ
speaker	NN
also	RB
?	.

For	IN
if	IN
he	PRP
does	VBZ
not	RB
know	VB
the	DT
bad	JJ
,	,
neither	CC
will	MD
he	PRP
know	VB
the	DT
good	JJ
when	WRB
the	DT
same	JJ
topic	NN
is	VBZ
being	VBG
discussed	VBN
.	.

Is	VBZ
not	RB
the	DT
same	JJ
person	NN
skilful	JJ
in	IN
both	DT
?	.

And	CC
you	PRP
say	VBP
that	IN
Homer	NNP
and	CC
the	DT
other	JJ
poets	NNS
,	,
such	JJ
as	IN
Hesiod	NNP
and	CC
Archilochus	NNP
,	,
speak	VBP
of	IN
the	DT
same	JJ
things	NNS
,	,
although	IN
not	RB
in	IN
the	DT
same	JJ
way	NN
;	:
but	CC
the	DT
one	NN
speaks	VBZ
well	RB
and	CC
the	DT
other	JJ
not	RB
so	RB
well	RB
?	.

And	CC
if	IN
you	PRP
knew	VBD
the	DT
good	JJ
speaker	NN
,	,
you	PRP
would	MD
also	RB
know	VB
the	DT
inferior	JJ
speakers	NNS
to	TO
be	VB
inferior	JJ
?	.

Then	RB
,	,
my	PRP$
dear	RB
friend	NN
,	,
can	MD
I	PRP
be	VB
mistaken	VBN
in	IN
saying	VBG
that	IN
Ion	NN
is	VBZ
equally	RB
skilled	JJ
in	IN
Homer	NNP
and	CC
in	IN
other	JJ
poets	NNS
,	,
since	IN
he	PRP
himself	PRP
acknowledges	VBZ
that	IN
the	DT
same	JJ
person	NN
will	MD
be	VB
a	DT
good	JJ
judge	NN
of	IN
all	PDT
those	DT
who	WP
speak	VBP
of	IN
the	DT
same	JJ
things	NNS
;	:
and	CC
that	IN
almost	RB
all	DT
poets	NNS
do	VBP
speak	VB
of	IN
the	DT
same	JJ
things	NNS
?	.

The	DT
reason	NN
,	,
my	PRP$
friend	NN
,	,
is	VBZ
obvious	JJ
.	.

No	DT
one	NN
can	MD
fail	VB
to	TO
see	VB
that	IN
you	PRP
speak	VBP
of	IN
Homer	NNP
without	IN
any	DT
art	NN
or	CC
knowledge	NN
.	.

If	IN
you	PRP
were	VBD
able	JJ
to	TO
speak	VB
of	IN
him	PRP
by	IN
rules	NNS
of	IN
art	NN
,	,
you	PRP
would	MD
have	VB
been	VBN
able	JJ
to	TO
speak	VB
of	IN
all	DT
other	JJ
poets	NNS
;	:
for	IN
poetry	NN
is	VBZ
a	DT
whole	NN
.	.

And	CC
when	WRB
any	DT
one	CD
acquires	VBZ
any	DT
other	JJ
art	NN
as	IN
a	DT
whole	NN
,	,
the	DT
same	JJ
may	MD
be	VB
said	VBD
of	IN
them	PRP
.	.

Would	MD
you	PRP
like	VB
me	PRP
to	TO
explain	VB
my	PRP$
meaning	NN
,	,
Ion	NN
?	.

O	NN
that	IN
we	PRP
were	VBD
wise	JJ
,	,
Ion	NN
,	,
and	CC
that	IN
you	PRP
could	MD
truly	RB
call	VB
us	PRP
so	RB
;	:
but	CC
you	PRP
rhapsodes	NNS
and	CC
actors	NNS
,	,
and	CC
the	DT
poets	NNS
whose	WP$
verses	NNS
you	PRP
sing	VBP
,	,
are	VBP
wise	JJ
;	:
whereas	IN
I	PRP
am	VBP
a	DT
common	JJ
man	NN
,	,
who	WP
only	RB
speak	VBP
the	DT
truth	NN
.	.

For	IN
consider	VBP
what	WP
a	DT
very	RB
commonplace	JJ
and	CC
trivial	JJ
thing	NN
is	VBZ
this	DT
which	WDT
I	PRP
have	VBP
said	VBN
--	:
a	DT
thing	NN
which	WDT
any	DT
man	NN
might	MD
say	VB
:	:
that	IN
when	WRB
a	DT
man	NN
has	VBZ
acquired	VBN
a	DT
knowledge	NN
of	IN
a	DT
whole	JJ
art	NN
,	,
the	DT
enquiry	NN
into	IN
good	JJ
and	CC
bad	JJ
is	VBZ
one	CD
and	CC
the	DT
same	JJ
.	.

Let	VB
us	PRP
consider	VB
this	DT
matter	NN
;	:
is	VBZ
not	RB
the	DT
art	NN
of	IN
painting	VBG
a	DT
whole	NN
?	.

And	CC
there	EX
are	VBP
and	CC
have	VBP
been	VBN
many	JJ
painters	NNS
good	JJ
and	CC
bad	JJ
?	.

And	CC
did	VBD
you	PRP
ever	RB
know	VBP
any	DT
one	NN
who	WP
was	VBD
skilful	JJ
in	IN
pointing	VBG
out	RP
the	DT
excellences	NNS
and	CC
defects	NNS
of	IN
Polygnotus	NNP
the	DT
son	NN
of	IN
Aglaophon	NNP
,	,
but	CC
incapable	JJ
of	IN
criticizing	VBG
other	JJ
painters	NNS
;	:
and	CC
when	WRB
the	DT
work	NN
of	IN
any	DT
other	JJ
painter	NN
was	VBD
produced	VBN
,	,
went	VBD
to	TO
sleep	VB
and	CC
was	VBD
at	IN
a	DT
loss	NN
,	,
and	CC
had	VBD
no	DT
ideas	NNS
;	:
but	CC
when	WRB
he	PRP
had	VBD
to	TO
give	VB
his	PRP$
opinion	NN
about	IN
Polygnotus	NNP
,	,
or	CC
whoever	WP
the	DT
painter	NN
might	MD
be	VB
,	,
and	CC
about	IN
him	PRP
only	RB
,	,
woke	VBD
up	RB
and	CC
was	VBD
attentive	JJ
and	CC
had	VBD
plenty	NN
to	TO
say	VB
?	.

Or	CC
did	VBD
you	PRP
ever	RB
know	VB
of	IN
any	DT
one	CD
in	IN
sculpture	NN
,	,
who	WP
was	VBD
skilful	JJ
in	IN
expounding	VBG
the	DT
merits	NNS
of	IN
Daedalus	NNP
the	DT
son	NN
of	IN
Metion	NNP
,	,
or	CC
of	IN
Epeius	NNP
the	DT
son	NN
of	IN
Panopeus	NN
,	,
or	CC
of	IN
Theodorus	NNP
the	DT
Samian	NNP
,	,
or	CC
of	IN
any	DT
individual	JJ
sculptor	NN
;	:
but	CC
when	WRB
the	DT
works	NNS
of	IN
sculptors	NNS
in	IN
general	JJ
were	VBD
produced	VBN
,	,
was	VBD
at	IN
a	DT
loss	NN
and	CC
went	VBD
to	TO
sleep	VB
and	CC
had	VBD
nothing	NN
to	TO
say	VB
?	.

And	CC
if	IN
I	PRP
am	VBP
not	RB
mistaken	JJ
,	,
you	PRP
never	RB
met	VBD
with	IN
any	DT
one	CD
among	IN
flute-players	NNS
or	CC
harp-players	NNS
or	CC
singers	NNS
to	TO
the	DT
harp	NN
or	CC
rhapsodes	NNS
who	WP
was	VBD
able	JJ
to	TO
discourse	NN
of	IN
Olympus	NNP
or	CC
Thamyras	NNP
or	CC
Orpheus	NNP
,	,
or	CC
Phemius	NNP
the	DT
rhapsode	NN
of	IN
Ithaca	NNP
,	,
but	CC
was	VBD
at	IN
a	DT
loss	NN
when	WRB
he	PRP
came	VBD
to	TO
speak	VB
of	IN
Ion	NNP
of	IN
Ephesus	NNP
,	,
and	CC
had	VBD
no	DT
notion	NN
of	IN
his	PRP$
merits	NNS
or	CC
defects	NNS
?	.

I	PRP
perceive	VBP
,	,
Ion	NN
;	:
and	CC
I	PRP
will	MD
proceed	VB
to	TO
explain	VB
to	TO
you	PRP
what	WP
I	PRP
imagine	VBP
to	TO
be	VB
the	DT
reason	NN
of	IN
this	DT
.	.

The	DT
gift	NN
which	WDT
you	PRP
possess	VBP
of	IN
speaking	VBG
excellently	RB
about	IN
Homer	NNP
is	VBZ
not	RB
an	DT
art	NN
,	,
but	CC
,	,
as	IN
I	PRP
was	VBD
just	RB
saying	VBG
,	,
an	DT
inspiration	NN
;	:
there	EX
is	VBZ
a	DT
divinity	NN
moving	VBG
you	PRP
,	,
like	IN
that	DT
contained	VBN
in	IN
the	DT
stone	NN
which	WDT
Euripides	NNP
calls	VBZ
a	DT
magnet	NN
,	,
but	CC
which	WDT
is	VBZ
commonly	RB
known	VBN
as	IN
the	DT
stone	NN
of	IN
Heraclea	NNP
.	.

This	DT
stone	NN
not	RB
only	RB
attracts	VBZ
iron	NN
rings	NNS
,	,
but	CC
also	RB
imparts	VBZ
to	TO
them	PRP
a	DT
similar	JJ
power	NN
of	IN
attracting	VBG
other	JJ
rings	NNS
;	:
and	CC
sometimes	RB
you	PRP
may	MD
see	VB
a	DT
number	NN
of	IN
pieces	NNS
of	IN
iron	NN
and	CC
rings	NNS
suspended	VBN
from	IN
one	CD
another	DT
so	RB
as	IN
to	TO
form	VB
quite	RB
a	DT
long	JJ
chain	NN
:	:
and	CC
all	DT
of	IN
them	PRP
derive	VBP
their	PRP$
power	NN
of	IN
suspension	NN
from	IN
the	DT
original	JJ
stone	NN
.	.

In	IN
like	JJ
manner	NN
the	DT
Muse	NNP
first	JJ
of	IN
all	DT
inspires	VBZ
men	NNS
herself	PRP
;	:
and	CC
from	IN
these	DT
inspired	JJ
persons	NNS
a	DT
chain	NN
of	IN
other	JJ
persons	NNS
is	VBZ
suspended	VBN
,	,
who	WP
take	VBP
the	DT
inspiration	NN
.	.

For	IN
all	DT
good	JJ
poets	NNS
,	,
epic	NN
as	RB
well	RB
as	IN
lyric	NN
,	,
compose	VB
their	PRP$
beautiful	JJ
poems	NNS
not	RB
by	IN
art	NN
,	,
but	CC
because	IN
they	PRP
are	VBP
inspired	VBN
and	CC
possessed	VBN
.	.

And	CC
as	IN
the	DT
Corybantian	JJ
revellers	NNS
when	WRB
they	PRP
dance	VBP
are	VBP
not	RB
in	IN
their	PRP$
right	JJ
mind	NN
,	,
so	IN
the	DT
lyric	NN
poets	NNS
are	VBP
not	RB
in	IN
their	PRP$
right	JJ
mind	NN
when	WRB
they	PRP
are	VBP
composing	VBG
their	PRP$
beautiful	JJ
strains	NNS
:	:
but	CC
when	WRB
falling	VBG
under	IN
the	DT
power	NN
of	IN
music	NN
and	CC
metre	NN
they	PRP
are	VBP
inspired	VBN
and	CC
possessed	VBN
;	:
like	IN
Bacchic	JJ
maidens	NNS
who	WP
draw	VBP
milk	NN
and	CC
honey	NN
from	IN
the	DT
rivers	NNS
when	WRB
they	PRP
are	VBP
under	IN
the	DT
influence	NN
of	IN
Dionysus	NNP
but	CC
not	RB
when	WRB
they	PRP
are	VBP
in	IN
their	PRP$
right	JJ
mind	NN
.	.

And	CC
the	DT
soul	NN
of	IN
the	DT
lyric	NN
poet	NN
does	VBZ
the	DT
same	JJ
,	,
as	IN
they	PRP
themselves	PRP
say	VBP
;	:
for	IN
they	PRP
tell	VBP
us	PRP
that	IN
they	PRP
bring	VBP
songs	NNS
from	IN
honeyed	JJ
fountains	NNS
,	,
culling	VBG
them	PRP
out	IN
of	IN
the	DT
gardens	NNS
and	CC
dells	NNS
of	IN
the	DT
Muses	NNS
;	:
they	PRP
,	,
like	IN
the	DT
bees	NNS
,	,
winging	VBG
their	PRP$
way	NN
from	IN
flower	NN
to	TO
flower	NN
.	.

And	CC
this	DT
is	VBZ
true	JJ
.	.

For	IN
the	DT
poet	NN
is	VBZ
a	DT
light	JJ
and	CC
winged	JJ
and	CC
holy	JJ
thing	NN
,	,
and	CC
there	EX
is	VBZ
no	DT
invention	NN
in	IN
him	PRP
until	IN
he	PRP
has	VBZ
been	VBN
inspired	VBN
and	CC
is	VBZ
out	IN
of	IN
his	PRP$
senses	NNS
,	,
and	CC
the	DT
mind	NN
is	VBZ
no	RB
longer	RBR
in	IN
him	PRP
:	:
when	WRB
he	PRP
has	VBZ
not	RB
attained	VBN
to	TO
this	DT
state	NN
,	,
he	PRP
is	VBZ
powerless	JJ
and	CC
is	VBZ
unable	JJ
to	TO
utter	JJ
his	PRP$
oracles	NNS
.	.

Many	JJ
are	VBP
the	DT
noble	JJ
words	NNS
in	IN
which	WDT
poets	NNS
speak	VBP
concerning	VBG
the	DT
actions	NNS
of	IN
men	NNS
;	:
but	CC
like	IN
yourself	PRP
when	WRB
speaking	VBG
about	IN
Homer	NNP
,	,
they	PRP
do	VBP
not	RB
speak	VB
of	IN
them	PRP
by	IN
any	DT
rules	NNS
of	IN
art	NN
:	:
they	PRP
are	VBP
simply	RB
inspired	JJ
to	TO
utter	JJ
that	IN
to	TO
which	WDT
the	DT
Muse	NNP
impels	VBZ
them	PRP
,	,
and	CC
that	IN
only	RB
;	:
and	CC
when	WRB
inspired	VBN
,	,
one	CD
of	IN
them	PRP
will	MD
make	VB
dithyrambs	NNS
,	,
another	DT
hymns	NNS
of	IN
praise	NN
,	,
another	DT
choral	JJ
strains	NNS
,	,
another	DT
epic	NN
or	CC
iambic	JJ
verses	NNS
--	:
and	CC
he	PRP
who	WP
is	VBZ
good	JJ
at	IN
one	CD
is	VBZ
not	RB
good	JJ
at	IN
any	DT
other	JJ
kind	NN
of	IN
verse	NN
:	:
for	IN
not	RB
by	IN
art	NN
does	VBZ
the	DT
poet	NN
sing	VB
,	,
but	CC
by	IN
power	NN
divine	NN
.	.

Had	VBD
he	PRP
learned	VBD
by	IN
rules	NNS
of	IN
art	NN
,	,
he	PRP
would	MD
have	VB
known	VBN
how	WRB
to	TO
speak	VB
not	RB
of	IN
one	CD
theme	NN
only	RB
,	,
but	CC
of	IN
all	DT
;	:
and	CC
therefore	RB
God	NNP
takes	VBZ
away	RP
the	DT
minds	NNS
of	IN
poets	NNS
,	,
and	CC
uses	VBZ
them	PRP
as	IN
his	PRP$
ministers	NNS
,	,
as	IN
he	PRP
also	RB
uses	VBZ
diviners	NNS
and	CC
holy	JJ
prophets	NNS
,	,
in	IN
order	NN
that	IN
we	PRP
who	WP
hear	VBP
them	PRP
may	MD
know	VB
them	PRP
to	TO
be	VB
speaking	VBG
not	RB
of	IN
themselves	PRP
who	WP
utter	JJ
these	DT
priceless	JJ
words	NNS
in	IN
a	DT
state	NN
of	IN
unconsciousness	NN
,	,
but	CC
that	IN
God	NNP
himself	PRP
is	VBZ
the	DT
speaker	NN
,	,
and	CC
that	IN
through	IN
them	PRP
he	PRP
is	VBZ
conversing	VBG
with	IN
us	PRP
.	.

And	CC
Tynnichus	NNP
the	DT
Chalcidian	NNP
affords	VBZ
a	DT
striking	JJ
instance	NN
of	IN
what	WP
I	PRP
am	VBP
saying	VBG
:	:
he	PRP
wrote	VBD
nothing	NN
that	IN
any	DT
one	NN
would	MD
care	VB
to	TO
remember	VB
but	CC
the	DT
famous	JJ
paean	NN
which	WDT
is	VBZ
in	IN
every	DT
one	NN
's	POS
mouth	NN
,	,
one	CD
of	IN
the	DT
finest	JJS
poems	NNS
ever	RB
written	VBN
,	,
simply	RB
an	DT
invention	NN
of	IN
the	DT
Muses	NNS
,	,
as	IN
he	PRP
himself	PRP
says	VBZ
.	.

For	IN
in	IN
this	DT
way	NN
the	DT
God	NNP
would	MD
seem	VB
to	TO
indicate	VB
to	TO
us	PRP
and	CC
not	RB
allow	VB
us	PRP
to	TO
doubt	VB
that	IN
these	DT
beautiful	JJ
poems	NNS
are	VBP
not	RB
human	JJ
,	,
or	CC
the	DT
work	NN
of	IN
man	NN
,	,
but	CC
divine	NN
and	CC
the	DT
work	NN
of	IN
God	NNP
;	:
and	CC
that	IN
the	DT
poets	NNS
are	VBP
only	RB
the	DT
interpreters	NNS
of	IN
the	DT
Gods	NNS
by	IN
whom	WP
they	PRP
are	VBP
severally	RB
possessed	VBN
.	.

Was	VBD
not	RB
this	DT
the	DT
lesson	NN
which	WDT
the	DT
God	NNP
intended	VBD
to	TO
teach	VB
when	WRB
by	IN
the	DT
mouth	NN
of	IN
the	DT
worst	JJS
of	IN
poets	NNS
he	PRP
sang	VBD
the	DT
best	JJS
of	IN
songs	NNS
?	.

Am	VBP
I	PRP
not	RB
right	JJ
,	,
Ion	NNP
?	.

And	CC
you	PRP
rhapsodists	NNS
are	VBP
the	DT
interpreters	NNS
of	IN
the	DT
poets	NNS
?	.

Then	RB
you	PRP
are	VBP
the	DT
interpreters	NNS
of	IN
interpreters	NNS
?	.

I	PRP
wish	VBP
you	PRP
would	MD
frankly	RB
tell	VB
me	PRP
,	,
Ion	NN
,	,
what	WP
I	PRP
am	VBP
going	VBG
to	TO
ask	VB
of	IN
you	PRP
:	:
When	WRB
you	PRP
produce	VBP
the	DT
greatest	JJS
effect	NN
upon	IN
the	DT
audience	NN
in	IN
the	DT
recitation	NN
of	IN
some	DT
striking	JJ
passage	NN
,	,
such	JJ
as	IN
the	DT
apparition	NN
of	IN
Odysseus	NNP
leaping	VBG
forth	RB
on	IN
the	DT
floor	NN
,	,
recognized	VBN
by	IN
the	DT
suitors	NNS
and	CC
casting	VBG
his	PRP$
arrows	NNS
at	IN
his	PRP$
feet	NNS
,	,
or	CC
the	DT
description	NN
of	IN
Achilles	NNPS
rushing	VBG
at	IN
Hector	NNP
,	,
or	CC
the	DT
sorrows	NN
of	IN
Andromache	NNP
,	,
Hecuba	NNP
,	,
or	CC
Priam	NNP
,	,
--	:
are	VBP
you	PRP
in	IN
your	PRP$
right	JJ
mind	NN
?	.

Are	VBP
you	PRP
not	RB
carried	VBD
out	IN
of	IN
yourself	PRP
,	,
and	CC
does	VBZ
not	RB
your	PRP$
soul	NN
in	IN
an	DT
ecstasy	NN
seem	VBP
to	TO
be	VB
among	IN
the	DT
persons	NNS
or	CC
places	NNS
of	IN
which	WDT
you	PRP
are	VBP
speaking	VBG
,	,
whether	IN
they	PRP
are	VBP
in	IN
Ithaca	NNP
or	CC
in	IN
Troy	NNP
or	CC
whatever	WDT
may	MD
be	VB
the	DT
scene	NN
of	IN
the	DT
poem	NN
?	.

Well	RB
,	,
Ion	NN
,	,
and	CC
what	WP
are	VBP
we	PRP
to	TO
say	VB
of	IN
a	DT
man	NN
who	WP
at	IN
a	DT
sacrifice	NN
or	CC
festival	NN
,	,
when	WRB
he	PRP
is	VBZ
dressed	VBN
in	IN
holiday	NN
attire	NN
,	,
and	CC
has	VBZ
golden	JJ
crowns	NNS
upon	IN
his	PRP$
head	NN
,	,
of	IN
which	WDT
nobody	NN
has	VBZ
robbed	VBN
him	PRP
,	,
appears	VBZ
weeping	VBG
or	CC
panic-stricken	JJ
in	IN
the	DT
presence	NN
of	IN
more	JJR
than	IN
twenty	CD
thousand	CD
friendly	JJ
faces	NNS
,	,
when	WRB
there	EX
is	VBZ
no	DT
one	NN
despoiling	VBG
or	CC
wronging	VBG
him	PRP
;	:
--	:
is	VBZ
he	PRP
in	IN
his	PRP$
right	JJ
mind	NN
or	CC
is	VBZ
he	PRP
not	RB
?	.

And	CC
are	VBP
you	PRP
aware	JJ
that	IN
you	PRP
produce	VBP
similar	JJ
effects	NNS
on	IN
most	JJS
of	IN
the	DT
spectators	NNS
?	.

Do	VBP
you	PRP
know	VB
that	IN
the	DT
spectator	NN
is	VBZ
the	DT
last	JJ
of	IN
the	DT
rings	NNS
which	WDT
,	,
as	IN
I	PRP
am	VBP
saying	VBG
,	,
receive	VBP
the	DT
power	NN
of	IN
the	DT
original	JJ
magnet	NN
from	IN
one	CD
another	DT
?	.

The	DT
rhapsode	NN
like	IN
yourself	PRP
and	CC
the	DT
actor	NN
are	VBP
intermediate	JJ
links	NNS
,	,
and	CC
the	DT
poet	NN
himself	PRP
is	VBZ
the	DT
first	JJ
of	IN
them	PRP
.	.

Through	IN
all	PDT
these	DT
the	DT
God	NNP
sways	VBZ
the	DT
souls	NNS
of	IN
men	NNS
in	IN
any	DT
direction	NN
which	WDT
he	PRP
pleases	VBZ
,	,
and	CC
makes	VBZ
one	CD
man	NN
hang	VB
down	RP
from	IN
another	DT
.	.

Thus	RB
there	EX
is	VBZ
a	DT
vast	JJ
chain	NN
of	IN
dancers	NNS
and	CC
masters	NNS
and	CC
under-masters	NNS
of	IN
choruses	NNS
,	,
who	WP
are	VBP
suspended	VBN
,	,
as	IN
if	IN
from	IN
the	DT
stone	NN
,	,
at	IN
the	DT
side	NN
of	IN
the	DT
rings	NNS
which	WDT
hang	VBP
down	RB
from	IN
the	DT
Muse	NNP
.	.

And	CC
every	DT
poet	NN
has	VBZ
some	DT
Muse	NNP
from	IN
whom	WP
he	PRP
is	VBZ
suspended	VBN
,	,
and	CC
by	IN
whom	WP
he	PRP
is	VBZ
said	VBN
to	TO
be	VB
possessed	VBN
,	,
which	WDT
is	VBZ
nearly	RB
the	DT
same	JJ
thing	NN
;	:
for	IN
he	PRP
is	VBZ
taken	VBN
hold	NN
of	IN
.	.

And	CC
from	IN
these	DT
first	JJ
rings	NNS
,	,
which	WDT
are	VBP
the	DT
poets	NNS
,	,
depend	VBP
others	NNS
,	,
some	DT
deriving	VBG
their	PRP$
inspiration	NN
from	IN
Orpheus	NNP
,	,
others	NNS
from	IN
Musaeus	NNP
;	:
but	CC
the	DT
greater	JJR
number	NN
are	VBP
possessed	VBN
and	CC
held	VBN
by	IN
Homer	NNP
.	.

Of	IN
whom	WP
,	,
Ion	NN
,	,
you	PRP
are	VBP
one	CD
,	,
and	CC
are	VBP
possessed	VBN
by	IN
Homer	NNP
;	:
and	CC
when	WRB
any	DT
one	CD
repeats	NNS
the	DT
words	NNS
of	IN
another	DT
poet	NN
you	PRP
go	VBP
to	TO
sleep	VB
,	,
and	CC
know	VB
not	RB
what	WP
to	TO
say	VB
;	:
but	CC
when	WRB
any	DT
one	NN
recites	VBZ
a	DT
strain	NN
of	IN
Homer	NNP
you	PRP
wake	VBP
up	RP
in	IN
a	DT
moment	NN
,	,
and	CC
your	PRP$
soul	NN
leaps	VBZ
within	IN
you	PRP
,	,
and	CC
you	PRP
have	VBP
plenty	NN
to	TO
say	VB
;	:
for	IN
not	RB
by	IN
art	NN
or	CC
knowledge	NN
about	IN
Homer	NNP
do	VBP
you	PRP
say	VB
what	WP
you	PRP
say	VBP
,	,
but	CC
by	IN
divine	JJ
inspiration	NN
and	CC
by	IN
possession	NN
;	:
just	RB
as	IN
the	DT
Corybantian	JJ
revellers	NNS
too	RB
have	VBP
a	DT
quick	JJ
perception	NN
of	IN
that	DT
strain	NN
only	RB
which	WDT
is	VBZ
appropriated	VBN
to	TO
the	DT
God	NNP
by	IN
whom	WP
they	PRP
are	VBP
possessed	VBN
,	,
and	CC
have	VBP
plenty	NN
of	IN
dances	NNS
and	CC
words	NNS
for	IN
that	DT
,	,
but	CC
take	VB
no	DT
heed	VB
of	IN
any	DT
other	JJ
.	.

And	CC
you	PRP
,	,
Ion	NN
,	,
when	WRB
the	DT
name	NN
of	IN
Homer	NNP
is	VBZ
mentioned	VBN
have	VBP
plenty	NN
to	TO
say	VB
,	,
and	CC
have	VBP
nothing	NN
to	TO
say	VB
of	IN
others	NNS
.	.

You	PRP
ask	VBP
,	,
`	``
Why	WRB
is	VBZ
this	DT
?	.
'	''

The	DT
answer	NN
is	VBZ
that	IN
you	PRP
praise	VBP
Homer	NNP
not	RB
by	IN
art	NN
but	CC
by	IN
divine	JJ
inspiration	NN
.	.

I	PRP
should	MD
like	VB
very	RB
much	RB
to	TO
hear	VB
you	PRP
,	,
but	CC
not	RB
until	IN
you	PRP
have	VBP
answered	VBN
a	DT
question	NN
which	WDT
I	PRP
have	VBP
to	TO
ask	VB
.	.

On	IN
what	WDT
part	NN
of	IN
Homer	NNP
do	VBP
you	PRP
speak	VB
well	RB
?	.

--	:
not	RB
surely	RB
about	IN
every	DT
part	NN
.	.

Surely	RB
not	RB
about	IN
things	NNS
in	IN
Homer	NNP
of	IN
which	WDT
you	PRP
have	VBP
no	DT
knowledge	NN
?	.

Why	WRB
,	,
does	VBZ
not	RB
Homer	NNP
speak	VB
in	IN
many	JJ
passages	NNS
about	IN
arts	NNS
?	.

For	IN
example	NN
,	,
about	IN
driving	NN
;	:
if	IN
I	PRP
can	MD
only	RB
remember	VB
the	DT
lines	NNS
I	PRP
will	MD
repeat	VB
them	PRP
.	.

Tell	VB
me	PRP
then	RB
,	,
what	WP
Nestor	NNP
says	VBZ
to	TO
Antilochus	NNP
,	,
his	PRP$
son	NN
,	,
where	WRB
he	PRP
bids	VBZ
him	PRP
be	VB
careful	JJ
of	IN
the	DT
turn	NN
at	IN
the	DT
horserace	NN
in	IN
honour	NN
of	IN
Patroclus	NNP
.	.

Enough	NNP
.	.

Now	RB
,	,
Ion	NN
,	,
will	MD
the	DT
charioteer	NN
or	CC
the	DT
physician	NN
be	VB
the	DT
better	JJR
judge	NN
of	IN
the	DT
propriety	NN
of	IN
these	DT
lines	NNS
?	.

And	CC
will	MD
the	DT
reason	NN
be	VB
that	IN
this	DT
is	VBZ
his	PRP$
art	NN
,	,
or	CC
will	MD
there	RB
be	VB
any	DT
other	JJ
reason	NN
?	.

And	CC
every	DT
art	NN
is	VBZ
appointed	VBN
by	IN
God	NNP
to	TO
have	VB
knowledge	NN
of	IN
a	DT
certain	JJ
work	NN
;	:
for	IN
that	DT
which	WDT
we	PRP
know	VBP
by	IN
the	DT
art	NN
of	IN
the	DT
pilot	NN
we	PRP
do	VBP
not	RB
know	VB
by	IN
the	DT
art	NN
of	IN
medicine	NN
?	.

Nor	CC
do	VBP
we	PRP
know	VB
by	IN
the	DT
art	NN
of	IN
the	DT
carpenter	NN
that	IN
which	WDT
we	PRP
know	VBP
by	IN
the	DT
art	NN
of	IN
medicine	NN
?	.

And	CC
this	DT
is	VBZ
true	JJ
of	IN
all	PDT
the	DT
arts	NNS
;	:
--	:
that	IN
which	WDT
we	PRP
know	VBP
with	IN
one	CD
art	NN
we	PRP
do	VBP
not	RB
know	VB
with	IN
the	DT
other	JJ
?	.

But	CC
let	VB
me	PRP
ask	VB
a	DT
prior	JJ
question	NN
:	:
You	PRP
admit	VBP
that	IN
there	EX
are	VBP
differences	NNS
of	IN
arts	NNS
?	.

You	PRP
would	MD
argue	VB
,	,
as	IN
I	PRP
should	MD
,	,
that	IN
when	WRB
one	CD
art	NN
is	VBZ
of	IN
one	CD
kind	NN
of	IN
knowledge	NN
and	CC
another	DT
of	IN
another	DT
,	,
they	PRP
are	VBP
different	JJ
?	.

Yes	UH
,	,
surely	RB
;	:
for	IN
if	IN
the	DT
subject	NN
of	IN
knowledge	NN
were	VBD
the	DT
same	JJ
,	,
there	EX
would	MD
be	VB
no	DT
meaning	NN
in	IN
saying	VBG
that	IN
the	DT
arts	NNS
were	VBD
different	JJ
,	,
--	:
if	IN
they	PRP
both	DT
gave	VBD
the	DT
same	JJ
knowledge	NN
.	.

For	IN
example	NN
,	,
I	PRP
know	VBP
that	IN
here	RB
are	VBP
five	CD
fingers	NNS
,	,
and	CC
you	PRP
know	VBP
the	DT
same	JJ
.	.

And	CC
if	IN
I	PRP
were	VBD
to	TO
ask	VB
whether	IN
I	PRP
and	CC
you	PRP
became	VBD
acquainted	VBN
with	IN
this	DT
fact	NN
by	IN
the	DT
help	NN
of	IN
the	DT
same	JJ
art	NN
of	IN
arithmetic	NN
,	,
you	PRP
would	MD
acknowledge	VB
that	IN
we	PRP
did	VBD
?	.

Tell	VB
me	PRP
,	,
then	RB
,	,
what	WP
I	PRP
was	VBD
intending	VBG
to	TO
ask	VB
you	PRP
,	,
--	:
whether	IN
this	DT
holds	VBZ
universally	RB
?	.

Must	MD
the	DT
same	JJ
art	NN
have	VBP
the	DT
same	JJ
subject	NN
of	IN
knowledge	NN
,	,
and	CC
different	JJ
arts	NNS
other	JJ
subjects	NNS
of	IN
knowledge	NN
?	.

Then	RB
he	PRP
who	WP
has	VBZ
no	DT
knowledge	NN
of	IN
a	DT
particular	JJ
art	NN
will	MD
have	VB
no	DT
right	JJ
judgment	NN
of	IN
the	DT
sayings	NNS
and	CC
doings	NNS
of	IN
that	DT
art	NN
?	.

Then	RB
which	WDT
will	MD
be	VB
a	DT
better	JJR
judge	NN
of	IN
the	DT
lines	NNS
which	WDT
you	PRP
were	VBD
reciting	VBG
from	IN
Homer	NNP
,	,
you	PRP
or	CC
the	DT
charioteer	NN
?	.

Why	WRB
,	,
yes	UH
,	,
because	IN
you	PRP
are	VBP
a	DT
rhapsode	NN
and	CC
not	RB
a	DT
charioteer	NN
.	.

And	CC
the	DT
art	NN
of	IN
the	DT
rhapsode	NN
is	VBZ
different	JJ
from	IN
that	DT
of	IN
the	DT
charioteer	NN
?	.

And	CC
if	IN
a	DT
different	JJ
knowledge	NN
,	,
then	RB
a	DT
knowledge	NN
of	IN
different	JJ
matters	NNS
?	.

You	PRP
know	VBP
the	DT
passage	NN
in	IN
which	WDT
Hecamede	NNP
,	,
the	DT
concubine	NN
of	IN
Nestor	NNP
,	,
is	VBZ
described	VBN
as	IN
giving	VBG
to	TO
the	DT
wounded	VBN
Machaon	NNP
a	DT
posset	NN
,	,
as	IN
he	PRP
says	VBZ
,	,
And	CC
when	WRB
Homer	NNP
says	VBZ
,	,
Come	VB
now	RB
,	,
suppose	VBP
that	IN
you	PRP
were	VBD
to	TO
say	VB
to	TO
me	PRP
:	:
`	``
Since	IN
you	PRP
,	,
Socrates	NNP
,	,
are	VBP
able	JJ
to	TO
assign	VB
different	JJ
passages	NNS
in	IN
Homer	NNP
to	TO
their	PRP$
corresponding	JJ
arts	NNS
,	,
I	PRP
wish	VBP
that	IN
you	PRP
would	MD
tell	VB
me	PRP
what	WP
are	VBP
the	DT
passages	NNS
of	IN
which	WDT
the	DT
excellence	NN
ought	MD
to	TO
be	VB
judged	VBN
by	IN
the	DT
prophet	NN
and	CC
prophetic	JJ
art	NN
'	''
;	:
and	CC
you	PRP
will	MD
see	VB
how	WRB
readily	RB
and	CC
truly	RB
I	PRP
shall	MD
answer	VB
you	PRP
.	.

For	IN
there	EX
are	VBP
many	JJ
such	JJ
passages	NNS
,	,
particularly	RB
in	IN
the	DT
Odyssee	NNP
;	:
as	IN
,	,
for	IN
example	NN
,	,
the	DT
passage	NN
in	IN
which	WDT
Theoclymenus	NNP
the	DT
prophet	NN
of	IN
the	DT
house	NN
of	IN
Melampus	NNP
says	VBZ
to	TO
the	DT
suitors	NNS
:	:
--	:
Yes	NNP
,	,
Ion	NNP
,	,
and	CC
you	PRP
are	VBP
right	RB
also	RB
.	.

And	CC
as	IN
I	PRP
have	VBP
selected	VBN
from	IN
the	DT
Iliad	NNP
and	CC
Odyssee	NNP
for	IN
you	PRP
passages	NNS
which	WDT
describe	VBP
the	DT
office	NN
of	IN
the	DT
prophet	NN
and	CC
the	DT
physician	NN
and	CC
the	DT
fisherman	NN
,	,
do	VB
you	PRP
,	,
who	WP
know	VBP
Homer	NNP
so	RB
much	RB
better	JJR
than	IN
I	PRP
do	VBP
,	,
Ion	NNP
,	,
select	JJ
for	IN
me	PRP
passages	NNS
which	WDT
relate	VBP
to	TO
the	DT
rhapsode	NN
and	CC
the	DT
rhapsode	NN
's	POS
art	NN
,	,
and	CC
which	WDT
the	DT
rhapsode	NN
ought	MD
to	TO
examine	VB
and	CC
judge	NN
of	IN
better	JJR
than	IN
other	JJ
men	NNS
.	.

Not	RB
all	DT
,	,
Ion	NNP
,	,
surely	RB
.	.

Have	VBP
you	PRP
already	RB
forgotten	VBD
what	WP
you	PRP
were	VBD
saying	VBG
?	.

A	DT
rhapsode	NN
ought	MD
to	TO
have	VB
a	DT
better	JJR
memory	NN
.	.

Do	VBP
you	PRP
not	RB
remember	VB
that	IN
you	PRP
declared	VBD
the	DT
art	NN
of	IN
the	DT
rhapsode	NN
to	TO
be	VB
different	JJ
from	IN
the	DT
art	NN
of	IN
the	DT
charioteer	NN
?	.

And	CC
you	PRP
admitted	VBD
that	IN
being	VBG
different	JJ
they	PRP
would	MD
have	VB
different	JJ
subjects	NNS
of	IN
knowledge	NN
?	.

Then	RB
upon	IN
your	PRP$
own	JJ
showing	VBG
the	DT
rhapsode	NN
,	,
and	CC
the	DT
art	NN
of	IN
the	DT
rhapsode	NN
,	,
will	MD
not	RB
know	VB
everything	NN
?	.

You	PRP
mean	VBP
to	TO
say	VB
that	IN
you	PRP
would	MD
exclude	VB
pretty	RB
much	RB
the	DT
subjects	NNS
of	IN
the	DT
other	JJ
arts	NNS
.	.

As	IN
he	PRP
does	VBZ
not	RB
know	VB
all	DT
of	IN
them	PRP
,	,
which	WDT
of	IN
them	PRP
will	MD
he	PRP
know	VB
?	.

Do	VBP
you	PRP
mean	VB
that	IN
a	DT
rhapsode	NN
will	MD
know	VB
better	JJR
than	IN
the	DT
pilot	NN
what	WP
the	DT
ruler	NN
of	IN
a	DT
sea-tossed	JJ
vessel	NN
ought	MD
to	TO
say	VB
?	.

Or	CC
will	MD
the	DT
rhapsode	NN
know	VB
better	JJR
than	IN
the	DT
physician	NN
what	WP
the	DT
ruler	NN
of	IN
a	DT
sick	JJ
man	NN
ought	MD
to	TO
say	VB
?	.

But	CC
he	PRP
will	MD
know	VB
what	WP
a	DT
slave	NN
ought	MD
to	TO
say	VB
?	.

Suppose	VB
the	DT
slave	NN
to	TO
be	VB
a	DT
cowherd	NN
;	:
the	DT
rhapsode	NN
will	MD
know	VB
better	JJR
than	IN
the	DT
cowherd	NN
what	WP
he	PRP
ought	MD
to	TO
say	VB
in	IN
order	NN
to	TO
soothe	VB
the	DT
infuriated	VBN
cows	NNS
?	.

But	CC
he	PRP
will	MD
know	VB
what	WP
a	DT
spinning-woman	NN
ought	MD
to	TO
say	VB
about	IN
the	DT
working	NN
of	IN
wool	NN
?	.

At	IN
any	DT
rate	NN
he	PRP
will	MD
know	VB
what	WP
a	DT
general	NN
ought	MD
to	TO
say	VB
when	WRB
exhorting	VBG
his	PRP$
soldiers	NNS
?	.

Well	RB
,	,
but	CC
is	VBZ
the	DT
art	NN
of	IN
the	DT
rhapsode	NN
the	DT
art	NN
of	IN
the	DT
general	NN
?	.

Why	WRB
,	,
yes	UH
,	,
Ion	NN
,	,
because	IN
you	PRP
may	MD
possibly	RB
have	VB
a	DT
knowledge	NN
of	IN
the	DT
art	NN
of	IN
the	DT
general	NN
as	RB
well	RB
as	IN
of	IN
the	DT
rhapsode	NN
;	:
and	CC
you	PRP
may	MD
also	RB
have	VB
a	DT
knowledge	NN
of	IN
horsemanship	NN
as	RB
well	RB
as	IN
of	IN
the	DT
lyre	NN
:	:
and	CC
then	RB
you	PRP
would	MD
know	VB
when	WRB
horses	NNS
were	VBD
well	RB
or	CC
ill	RB
managed	VBN
.	.

But	CC
suppose	VB
I	PRP
were	VBD
to	TO
ask	VB
you	PRP
:	:
By	IN
the	DT
help	NN
of	IN
which	WDT
art	NN
,	,
Ion	NN
,	,
do	VBP
you	PRP
know	VB
whether	IN
horses	NNS
are	VBP
well	RB
managed	VBN
,	,
by	IN
your	PRP$
skill	NN
as	IN
a	DT
horseman	NN
or	CC
as	IN
a	DT
performer	NN
on	IN
the	DT
lyre	NN
--	:
what	WP
would	MD
you	PRP
answer	VB
?	.

And	CC
if	IN
you	PRP
judged	VBD
of	IN
performers	NNS
on	IN
the	DT
lyre	NN
,	,
you	PRP
would	MD
admit	VB
that	IN
you	PRP
judged	VBD
of	IN
them	PRP
as	IN
a	DT
performer	NN
on	IN
the	DT
lyre	NN
,	,
and	CC
not	RB
as	IN
a	DT
horseman	NN
?	.

And	CC
in	IN
judging	VBG
of	IN
the	DT
general	NN
's	POS
art	NN
,	,
do	VBP
you	PRP
judge	VB
of	IN
it	PRP
as	IN
a	DT
general	JJ
or	CC
a	DT
rhapsode	NN
?	.

What	WP
do	VBP
you	PRP
mean	VB
?	.

Do	VBP
you	PRP
mean	VB
to	TO
say	VB
that	IN
the	DT
art	NN
of	IN
the	DT
rhapsode	NN
and	CC
of	IN
the	DT
general	NN
is	VBZ
the	DT
same	JJ
?	.

Then	RB
he	PRP
who	WP
is	VBZ
a	DT
good	JJ
rhapsode	NN
is	VBZ
also	RB
a	DT
good	JJ
general	NN
?	.

And	CC
he	PRP
who	WP
is	VBZ
a	DT
good	JJ
general	NN
is	VBZ
also	RB
a	DT
good	JJ
rhapsode	NN
?	.

But	CC
you	PRP
do	VBP
say	VB
that	IN
he	PRP
who	WP
is	VBZ
a	DT
good	JJ
rhapsode	NN
is	VBZ
also	RB
a	DT
good	JJ
general	NN
.	.

And	CC
you	PRP
are	VBP
the	DT
best	JJS
of	IN
Hellenic	JJ
rhapsodes	NNS
?	.

And	CC
are	VBP
you	PRP
the	DT
best	JJS
general	NN
,	,
Ion	NN
?	.

But	CC
then	RB
,	,
Ion	NN
,	,
what	WP
in	IN
the	DT
name	NN
of	IN
goodness	NN
can	MD
be	VB
the	DT
reason	NN
why	WRB
you	PRP
,	,
who	WP
are	VBP
the	DT
best	JJS
of	IN
generals	NNS
as	RB
well	RB
as	IN
the	DT
best	JJS
of	IN
rhapsodes	NNS
in	IN
all	DT
Hellas	NNP
,	,
go	VBP
about	IN
as	IN
a	DT
rhapsode	NN
when	WRB
you	PRP
might	MD
be	VB
a	DT
general	NN
?	.

Do	VBP
you	PRP
think	VB
that	IN
the	DT
Hellenes	NNPS
want	VBP
a	DT
rhapsode	NN
with	IN
his	PRP$
golden	JJ
crown	NN
,	,
and	CC
do	VBP
not	RB
want	VB
a	DT
general	NN
?	.

My	PRP$
good	JJ
Ion	NN
,	,
did	VBD
you	PRP
never	RB
hear	VB
of	IN
Apollodorus	NNP
of	IN
Cyzicus	NNP
?	.

One	CD
who	WP
,	,
though	IN
a	DT
foreigner	NN
,	,
has	VBZ
often	RB
been	VBN
chosen	VBN
their	PRP$
general	NN
by	IN
the	DT
Athenians	NNPS
:	:
and	CC
there	EX
is	VBZ
Phanosthenes	NNP
of	IN
Andros	NNP
,	,
and	CC
Heraclides	NNP
of	IN
Clazomenae	NNP
,	,
whom	WP
they	PRP
have	VBP
also	RB
appointed	VBN
to	TO
the	DT
command	NN
of	IN
their	PRP$
armies	NNS
and	CC
to	TO
other	JJ
offices	NNS
,	,
although	IN
aliens	NNS
,	,
after	IN
they	PRP
had	VBD
shown	VBN
their	PRP$
merit	NN
.	.

And	CC
will	MD
they	PRP
not	RB
choose	VB
Ion	NNP
the	DT
Ephesian	NNP
to	TO
be	VB
their	PRP$
general	JJ
,	,
and	CC
honour	VB
him	PRP
,	,
if	IN
he	PRP
prove	VBP
himself	PRP
worthy	JJ
?	.

Were	VBD
not	RB
the	DT
Ephesians	NNPS
originally	RB
Athenians	NNPS
,	,
and	CC
Ephesus	NNP
is	VBZ
no	DT
mean	JJ
city	NN
?	.

But	CC
,	,
indeed	RB
,	,
Ion	NN
,	,
if	IN
you	PRP
are	VBP
correct	JJ
in	IN
saying	VBG
that	IN
by	IN
art	NN
and	CC
knowledge	NN
you	PRP
are	VBP
able	JJ
to	TO
praise	VB
Homer	NNP
,	,
you	PRP
do	VBP
not	RB
deal	VB
fairly	RB
with	IN
me	PRP
,	,
and	CC
after	IN
all	DT
your	PRP$
professions	NNS
of	IN
knowing	VBG
many	JJ
glorious	JJ
things	NNS
about	IN
Homer	NNP
,	,
and	CC
promises	VBZ
that	IN
you	PRP
would	MD
exhibit	VB
them	PRP
,	,
you	PRP
are	VBP
only	RB
a	DT
deceiver	NN
,	,
and	CC
so	RB
far	RB
from	IN
exhibiting	VBG
the	DT
art	NN
of	IN
which	WDT
you	PRP
are	VBP
a	DT
master	NN
,	,
will	MD
not	RB
,	,
even	RB
after	IN
my	PRP$
repeated	JJ
entreaties	NNS
,	,
explain	VB
to	TO
me	PRP
the	DT
nature	NN
of	IN
it	PRP
.	.

You	PRP
have	VBP
literally	RB
as	IN
many	JJ
forms	NNS
as	IN
Proteus	NNP
;	:
and	CC
now	RB
you	PRP
go	VBP
all	DT
manner	NN
of	IN
ways	NNS
,	,
twisting	VBG
and	CC
turning	VBG
,	,
and	CC
,	,
like	IN
Proteus	NNP
,	,
become	VBP
all	DT
manner	NN
of	IN
people	NNS
at	IN
once	RB
,	,
and	CC
at	IN
last	JJ
slip	NN
away	RB
from	IN
me	PRP
in	IN
the	DT
disguise	VB
of	IN
a	DT
general	JJ
,	,
in	IN
order	NN
that	IN
you	PRP
may	MD
escape	VB
exhibiting	VBG
your	PRP$
Homeric	JJ
lore	NN
.	.

And	CC
if	IN
you	PRP
have	VBP
art	NN
,	,
then	RB
,	,
as	IN
I	PRP
was	VBD
saying	VBG
,	,
in	IN
falsifying	VBG
your	PRP$
promise	NN
that	IN
you	PRP
would	MD
exhibit	VB
Homer	NNP
,	,
you	PRP
are	VBP
not	RB
dealing	VBG
fairly	RB
with	IN
me	PRP
.	.

But	CC
if	IN
,	,
as	IN
I	PRP
believe	VBP
,	,
you	PRP
have	VBP
no	DT
art	NN
,	,
but	CC
speak	VBP
all	DT
these	DT
beautiful	JJ
words	NNS
about	IN
Homer	NNP
unconsciously	RB
under	IN
his	PRP$
inspiring	JJ
influence	NN
,	,
then	RB
I	PRP
acquit	VBP
you	PRP
of	IN
dishonesty	NN
,	,
and	CC
shall	MD
only	RB
say	VB
that	IN
you	PRP
are	VBP
inspired	JJ
.	.

Which	WDT
do	VBP
you	PRP
prefer	VB
to	TO
be	VB
thought	VBN
,	,
dishonest	JJ
or	CC
inspired	JJ
?	.

Then	RB
,	,
Ion	NN
,	,
I	PRP
shall	MD
assume	VB
the	DT
nobler	JJ
alternative	NN
;	:
and	CC
attribute	VBP
to	TO
you	PRP
in	IN
your	PRP$
praises	VBZ
of	IN
Homer	NNP
inspiration	NN
,	,
and	CC
not	RB
art	NN
.	.

